gse_accession,title,geo_url,organism,assay_type,release_date,total_samples,condition_names,num_conditions,usable_comparison_exists,num_usable_comparisons,comparison_description,replicates_by_condition,min_replicates_per_condition,supplementary_file_names,matrix_type_assessment,metadata_sufficiency,inclusion_status,confidence,notes,reason_for_exclusion_or_uncertainty
GSE327105,Lenvatinib exacerbates colitis by inhibiting intestinal vascular endothelial MAdCAM-1-mediated B cell trafficking.,https://www.ncbi.nlm.nih.gov/geo/query/acc.cgi?acc=GSE327105,Mus musculus,Expression profiling by high throughput sequencing,2026-04-11,6,DMSO B cells; lenvatinib B cells,2,yes,1,Colon B cells: DMSO vs lenvatinib,DMSO=3; lenvatinib=3,3,GSE327105_FPKMs_allSamples.txt.gz,not_raw_counts,clear,exclude,high,Simple two-group sorted-cell comparison.,Only an FPKM matrix is listed.
GSE327044,Lenvatinib exacerbates colitis by inhibiting intestinal vascular endothelial MAdCAM-1-mediated B cell trafficking,https://www.ncbi.nlm.nih.gov/geo/query/acc.cgi?acc=GSE327044,Mus musculus,Expression profiling by high throughput sequencing,2026-04-11,6,DMSO colon; lenvatinib colon,2,yes,1,Colon tissue: DMSO vs lenvatinib,DMSO=3; lenvatinib=3,3,GSE327044_FPKMs_allSamples.txt.gz,not_raw_counts,clear,exclude,high,Simple two-group tissue comparison.,Only an FPKM matrix is listed.
GSE301480,"RNA-seq analysis of non-vascular smooth muscle cells (NVSMCs) isolated from the lung, intestine and bladder",https://www.ncbi.nlm.nih.gov/geo/query/acc.cgi?acc=GSE301480,Mus musculus,Expression profiling by high throughput sequencing,2026-04-11,8,bladder; intestine; lung,3,no,0,Tissue-comparison study without a baseline perturbation control,bladder=3; intestine=2; lung=3,2,GSE301480_processed.txt.gz,unclear,clear,exclude,high,Replicate labels are clear.,No control-versus-perturbation design; this is tissue heterogeneity profiling.
GSE301479,RNA-seq analysis of pulmonary arterial smooth muscle cells (PASMCs) and bronchial smooth muscle cells (BSMCs) after pulmonary arterial hypertension (PAH) treatment,https://www.ncbi.nlm.nih.gov/geo/query/acc.cgi?acc=GSE301479,Mus musculus,Expression profiling by high throughput sequencing,2026-04-11,12,PASMC normoxia; PASMC hypoxia/PAH; BSMC normoxia; BSMC hypoxia/PAH,4,yes,2,Within each cell type: control-like vs hypoxia/PAH treatment,PASMC groups=3 each; BSMC groups=3 each,3,GSE301479_processed.txt.gz,unclear,partially_clear,exclude,medium,Replicates and grouping appear usable from sample titles.,Only a processed matrix is listed and the exact baseline/control semantics need manual confirmation.
GSE301478,"RNA-seq analysis of pulmonary arterial smooth muscle cells (PASMCs), bronchial smooth muscle cells(BSMCs) and venous SMCs in the lung",https://www.ncbi.nlm.nih.gov/geo/query/acc.cgi?acc=GSE301478,Mus musculus,Expression profiling by high throughput sequencing,2026-04-11,9,PASMCs; BSMCs; total pulmonary SMCs,3,no,0,Cell-type comparison study without a perturbation baseline,PASMCs=3; BSMCs=3; total pulmonary SMCs=3,3,GSE301478_processed.txt.gz,unclear,clear,exclude,high,Replicates are balanced.,No control-versus-experimental perturbation design.
GSE301477,"RNA-seq analysis of arterial smooth muscle cells (ASMCs) isolated from the lung, heart, aorta, stomach, intestine, kidney and bladder",https://www.ncbi.nlm.nih.gov/geo/query/acc.cgi?acc=GSE301477,Mus musculus,Expression profiling by high throughput sequencing,2026-04-11,22,lung; heart; aorta; stomach; intestine; kidney; bladder,7,no,0,Tissue-comparison study without a perturbation baseline,Most tissues=3; intestine=4,3,GSE301477_processed.txt.gz,unclear,clear,exclude,high,Replicates are clear across tissues.,No control-versus-experimental perturbation design.
GSE327455,DYRK1A enhances antitumor immunity in type 1 conventional dendritic cells via mTORC1 activation [tumor-infiltrating type 1 conventional dendritic cells],https://www.ncbi.nlm.nih.gov/geo/query/acc.cgi?acc=GSE327455,Mus musculus,Expression profiling by high throughput sequencing,2026-04-10,6,Wild-type cDC1; Dyrk1a knockout cDC1,2,yes,1,Tumor-infiltrating cDC1: wild type vs Dyrk1a knockout,WT=3; KO=3,3,GSE327455_gene_count.txt.gz,raw_counts_confirmed,clear,eligible,high,Replicated two-group perturbation design with explicit gene-count supplement.,
GSE324031,"Mast cell specific receptor Mrgprb2/X2 regulates bladder immunity during urinary tract infections",https://www.ncbi.nlm.nih.gov/geo/query/acc.cgi?acc=GSE324031,"Mus musculus",Expression profiling by high throughput sequencing,2026-04-10,20,WT PBS; WT UTI89; Mrgprb2 KO PBS; Mrgprb2 KO UTI89,4,yes,4,Within genotype: PBS vs UTI89; within treatment: WT vs KO,5 per group,5,GSE324031_counts_with_gene_name.csv.gz; GSE324031_tpm_with_gene_name.txt.gz,unclear,clear,candidate,medium,Very well-described 2x2 bladder infection design with strong replication.,Raw-count status of the listed supplements is not explicit from the main series page.
GSE314221,"Reducing CETP activity prevents memory decline in an Alzheimer’s disease mouse model.",https://www.ncbi.nlm.nih.gov/geo/query/acc.cgi?acc=GSE314221,"Mus musculus",Expression profiling by high throughput sequencing,2026-04-10,16,CETP transgenic vehicle; CETP transgenic evacetrapib; APP/CETP vehicle; APP/CETP evacetrapib,4,yes,2,Within genotype: vehicle vs evacetrapib,unclear from summary,0,GSE314221_Phenix25rawCountMatrix.csv.gz,unclear,partially_clear,candidate,medium,Brain RNA-seq with genotype and treatment structure.,Explicit count-matrix status is not clear from the available series information.
GSE306744,"Pre-division TCF1 downregulation determines long-term effector and memory CD8 T cell fates [RNA-Seq]",https://www.ncbi.nlm.nih.gov/geo/query/acc.cgi?acc=GSE306744,"Mus musculus",Expression profiling by high throughput sequencing,2026-04-10,31,multiple CD8 T-cell states across time after infection,multiple,yes,multiple,Several state-specific contrasts likely exist across time and fate markers,multiple sorted populations,0,GSE306744_corrected_log_transform_RNA_counts.csv.gz; GSE306744_raw_three_batches_counts.csv.gz,unclear,ambiguous,candidate,low,Rich sorted-cell bulk RNA-seq time course.,"Series is multi-state and multi-timepoint, so a clean pairwise comparison requires additional sample-level parsing."
GSE294305,Inhibition of the fructose transporter Glut5 boosts androgen production by dysregulating the metabolism of murine Leydig cells,https://www.ncbi.nlm.nih.gov/geo/query/acc.cgi?acc=GSE294305,Mus musculus,Expression profiling by high throughput sequencing,2026-04-10,12,Control Leydig cells; 100 uM MSNBA-treated Leydig cells,2,yes,1,mLTC-1 murine Leydig cells: control vs Glut5 inhibitor MSNBA,Control=6; MSNBA=6,6,GSE294305_SMX09.unq.refseq.umi.dat.txt.gz,raw_counts_likely,clear,eligible,high,Simple inhibitor-versus-control design with strong replication and a count-like UMI matrix filename.,
GSE293729,"Triggering mouth-resident antiviral CD8+ T cells potentiates experimental periodontitis",https://www.ncbi.nlm.nih.gov/geo/query/acc.cgi?acc=GSE293729,"Mus musculus",Expression profiling by high throughput sequencing,2026-04-10,21,LIP; LIP + oral CD8 TRM activation at day3 and day7,4,yes,2,At day3 and day7: ligature-induced periodontitis with vs without TRM activation,unclear from summary,0,GSE293729_processed_Stolley.txt.gz,unclear,partially_clear,candidate,medium,Intervention-versus-control design is clear conceptually.,The series page does not explicitly identify a raw-count matrix or group replication.
GSE292815,"Diet-induced phospholipid remodeling dictates ferroptosis sensitivity and tumorigenesis in the pancreas",https://www.ncbi.nlm.nih.gov/geo/query/acc.cgi?acc=GSE292815,"Mus musculus",Expression profiling by high throughput sequencing,2026-04-10,39,KC 3w HFD; KC 12w HFD; KCO 8w HFD,3,yes,2,Pancreata from KC versus KCO and duration-matched HFD states,unclear from series summary,0,GSE292815_KCO_8wk_NormalizedCounts.csv.gz; GSE292815_KC_12wk_NormalizedCounts.csv.gz; GSE292815_KC_3wk_NormalizedCounts.csv.gz,unclear,partially_clear,candidate,low,Pancreatic tumorigenesis study with clear biological groups.,Exact group sizes and raw-count status are not explicit on the series page.
GSE326864,Differential impact of FLASH and conventional radiotherapy on a pivotal metabolic organ: White Adipose Tissue,https://www.ncbi.nlm.nih.gov/geo/query/acc.cgi?acc=GSE326864,Mus musculus,Expression profiling by high throughput sequencing,2026-04-09,10,Sham; conventional RT; FLASH RT,3,yes,2,White adipose tissue: sham vs conventional RT; sham vs FLASH RT,Sham=3; conventional RT=3; FLASH RT=4,3,GSE326864_RAW.tar; filelist.txt,unclear,clear,candidate,medium,Control and irradiated groups are clearly defined with adequate replication.,"Series page lists only RAW.tar and filelist.txt, not an explicit gene-level count matrix."
GSE319426,Sodium Channel Isoform Diversity Underlies Chamber-Specific Cardiac Excitability [bulk RNA-seq],https://www.ncbi.nlm.nih.gov/geo/query/acc.cgi?acc=GSE319426,Mus musculus,Expression profiling by high throughput sequencing,2026-04-09,14,WT DMSO; GX DMSO; WT MRL5; GX MRL5,4,yes,2,At minimum: WT vs GX under DMSO; WT vs GX under MRL5,WT DMSO=3; GX DMSO=4; WT MRL5=3; GX MRL5=4,3,GSE319426_SupplementTable1_London_4H_GX_RNAseq_2.xlsx,not_raw_counts,clear,exclude,high,Grouping and replication are sufficient.,Only an XLSX supplement table is listed; no raw-count gene matrix is evident.
GSE313842,RNA-seq of placentas from FNDC5-deficient and wild-type mice at gestational day 17.5,https://www.ncbi.nlm.nih.gov/geo/query/acc.cgi?acc=GSE313842,Mus musculus,Expression profiling by high throughput sequencing,2026-04-09,12,WT placenta; FNDC5 KO placenta,2,yes,1,Placenta at E17.5: WT vs FNDC5 KO,WT=6; KO=6,6,GSE313842_Drewlo001_placenta_quant_genes.csv.gz,raw_counts_likely,clear,eligible,high,Straightforward WT-versus-KO placental bulk RNA-seq with balanced replication and an explicit gene quantification matrix.,
GSE317172,Transcriptome analysis of the prefrontal cortex identifies inflammatory genes associated with cognitive impairment in a model of multiple sclerosis,https://www.ncbi.nlm.nih.gov/geo/query/acc.cgi?acc=GSE317172,Mus musculus,Expression profiling by high throughput sequencing,2026-04-08,11,Control PFC; EAE PFC,2,yes,1,Prefrontal cortex: control vs EAE,Control=4; EAE=7,4,GSE317172_raw_counts.txt.gz,raw_counts_confirmed,clear,eligible,high,Disease-versus-control bulk RNA-seq with explicit raw-count matrix and clear sample labels.,
GSE315575,A decline in skeletal muscle NOX4 abrogates exercise-induced adaptive homeostasis and exacerbates biological ageing,https://www.ncbi.nlm.nih.gov/geo/query/acc.cgi?acc=GSE315575,Mus musculus,Expression profiling by high throughput sequencing,2026-04-08,8,Nox4 fl/fl control; muscle-specific Nox4 KO,2,yes,1,Aged gastrocnemius muscle: control vs muscle-specific Nox4 KO,Control=4; KO=4,4,GSE315575_Nox4_RNAseq_counts.csv.gz,raw_counts_confirmed,clear,eligible,high,Simple two-group muscle bulk RNA-seq with an explicit counts file.,
GSE247781,Targeting one-carbon metabolism in stem cell-like T cells to prevent chronic graft rejection [RNA-seq],https://www.ncbi.nlm.nih.gov/geo/query/acc.cgi?acc=GSE247781,Mus musculus,Expression profiling by high throughput sequencing,2026-04-08,6,DMSO-treated CD4+ T cells; MAPK13 inhibitor-treated CD4+ T cells,2,yes,1,Stimulated splenic CD4+ T cells: DMSO vs MAPK13 inhibitor,DMSO=3; MAPK13 inhibitor=3,3,GSE247781_gene_count_matrix.txt.gz; GSE247781_RAW.tar; filelist.txt,raw_counts_confirmed,clear,eligible,high,Clear vehicle-versus-treatment design with explicit gene-count matrix and balanced replication.,
GSE227622,Neuronal MCT2 for activity-induced blood vessel formation by increasing lactate to promote astrocytic HIF1α-VEGFa signaling,https://www.ncbi.nlm.nih.gov/geo/query/acc.cgi?acc=GSE227622,Mus musculus,Expression profiling by high throughput sequencing,2026-04-08,6,No whisker stimulation control; whisker stimulation,2,yes,1,S1 cortex: no whisker stimulation vs whisker stimulation,Control=3; WS=3,3,GSE227622_F21FTSUSAT0025_MOUbguwT_initial_processed_data_file.csv.gz; GSE227622_NCOMMS-23-11037_RNA-Seq_Processed_data_.csv.gz,unclear,clear,candidate,medium,Design is simple and replication is adequate.,Only processed-data CSV files are explicitly listed; raw-count status is not clear.
GSE305242,Effects of Sphk1 deletion in smooth muscle cells on murine arterial transcriptome in hypertension,https://www.ncbi.nlm.nih.gov/geo/query/acc.cgi?acc=GSE305242,Mus musculus,Expression profiling by high throughput sequencing,2026-04-07,26,WT normotensive; WT hypertensive; Sphk1 SMC KO normotensive; Sphk1 SMC KO hypertensive across aorta and mesenteric artery,4,yes,4,"Within each tissue, WT vs KO under normotensive or hypertensive state; WT normotensive vs hypertensive also appears usable",Most tissue-condition groups=3-5,3,GSE305242_RAW.tar; filelist.txt,unclear,clear,candidate,medium,Design and sample annotation are strong.,Series page exposes only a raw tarball/file list; explicit gene-level count matrix is not named.
GSE299410,Effect of CSDE1 knockout in RAW264.7 cells on gene expression following SARS CoV-2 RNA stimulation,https://www.ncbi.nlm.nih.gov/geo/query/acc.cgi?acc=GSE299410,Mus musculus,Expression profiling by high throughput sequencing,2026-04-07,6,WT mock; WT stimulated; KO mock; KO stimulated,4,no,0,"Stimulated WT vs KO has n=2 per condition, but baseline mock groups appear singletons",WT mock=1; WT stimulated=2; KO mock=1; KO stimulated=2,1,GSE299410_Raw_gene_counts_matrix.txt.gz,raw_counts_confirmed,clear,exclude,high,Count matrix is explicit and sample labels are clear.,No usable control-versus-experimental comparison with at least 2 biological replicates per condition.
GSE316271,Bulk RNA-seq profiling of p53-deficient mammary tumors driven by Runx1 and/or Rb1 loss,https://www.ncbi.nlm.nih.gov/geo/query/acc.cgi?acc=GSE316271,Mus musculus,Expression profiling by high throughput sequencing,2026-04-06,14,Runx1/p53-null; Rb1/p53-null; p53/Runx1/Rb1-null,3,yes,2,At minimum: Runx1/p53-null vs Rb1/p53-null; double-null vs single-null backgrounds,Runx1/p53-null=3; Rb1/p53-null=8; triple-null=3,3,GSE316271_Runx1Rb1_tumors_STAR_TPM.csv.gz,not_raw_counts,clear,exclude,high,Tumor classes are clearly labeled.,"The listed matrix is TPM, not raw counts."
GSE309461,Bulk RNA sequencing of liver NK cells and ILC1s from T-bet WT vs. inducible Ncr1-T-bet Δ/Δ mice,https://www.ncbi.nlm.nih.gov/geo/query/acc.cgi?acc=GSE309461,Mus musculus,Expression profiling by high throughput sequencing,2026-04-06,16,WT NK; KO NK; WT ILC1; KO ILC1,4,yes,2,Within each cell type: WT vs T-bet Δ/Δ,WT NK=4; KO NK=4; WT ILC1=4; KO ILC1=4,4,GSE309461_all.gene_moderated_log2cpm_liver.tsv.gz,not_raw_counts,clear,exclude,high,Biological grouping is very clear.,"The provided matrix is moderated log2CPM, not raw counts."
GSE275353,"Exploring the Mechanism of SETDB1 in Regulating Neuroinflammation and Anxiety-Depression-like Behaviors [RNA-seq]",https://www.ncbi.nlm.nih.gov/geo/query/acc.cgi?acc=GSE275353,"Mus musculus",Expression profiling by high throughput sequencing,2026-04-04,19,WT astrocytes; Setdb1-cKO astrocytes; WT neurons; Setdb1-cKO neurons; WT cortex; Setdb1-cKO cortex; Setdb1-cKO/P2rx7 KO cortex,7,yes,3,"At minimum: WT vs Setdb1-cKO within astrocytes, neurons, and cortex",astrocytes=2/group; neurons=3/group; cortex groups=3,2,GSE275353_RAW.tar,unclear,partially_clear,candidate,medium,"Multiple clearly described bulk contrasts exist across astrocyte, neuronal, and cortex compartments.",No explicit gene-level count matrix is named on the series page.
GSE313587,Bulk RNA Seq of Mouse RPE/Choroid from AAV-overexpressed IFN-beta and Control,https://www.ncbi.nlm.nih.gov/geo/query/acc.cgi?acc=GSE313587,Mus musculus,Expression profiling by high throughput sequencing,2026-04-01,8,AAV2-CAG-Null; AAV2-CAG-IFNbeta,2,yes,1,Mouse RPE/choroid: AAV2-CAG-Null vs AAV2-CAG-IFNbeta,Control=4; IFNbeta=4,4,GSE313587_raw_counts.csv.gz,raw_counts_confirmed,clear,candidate,medium,Titles and file naming support bulk RNA-seq with explicit raw counts.,"Series design text inconsistently says the retinas were analyzed via scRNA-seq, so assay modality should be manually rechecked before downstream use."
GSE292863,Bulk RNA-seq of PD1+/- T cels from mouse hearts 7 days post MI,https://www.ncbi.nlm.nih.gov/geo/query/acc.cgi?acc=GSE292863,Mus musculus,Expression profiling by high throughput sequencing,2026-03-31,6,PD1 positive T cells; PD1 negative T cells,2,yes,1,PD1 positive vs PD1 negative T cells 7 days post MI,PD1_pos=3; PD1_neg=3,3,GSE292863_Genes_fpkm_expression.xlsx,not_raw_counts,clear,exclude,high,Simple 2-group sorted-cell comparison.,The listed matrix is FPKM only.
GSE326335,Bulk RNA Sequencing of Chimera-Derived Monocyte-Derived Macrophages Targeted for Mitochondrial ROS During Peak Experimental Autoimmune Encephalomyelitis,https://www.ncbi.nlm.nih.gov/geo/query/acc.cgi?acc=GSE326335,Mus musculus,Expression profiling by high throughput sequencing,2026-03-30,14,WT MdM; mCAT MdM,2,yes,1,CNS-infiltrating monocyte-derived macrophages: WT vs mCAT-targeted mitochondrial ROS modulation,WT=7; mCAT=7,7,GSE326335_Count_QC-raw-count_file_Villar-Vesga_et_al.csv.gz,raw_counts_confirmed,clear,eligible,high,Clear perturbation-vs-control design with explicit raw-count matrix.,
GSE310201,"Bulk RNA-seq of mouse 4T1 cells with ETV4 KO [FGF]",https://www.ncbi.nlm.nih.gov/geo/query/acc.cgi?acc=GSE310201,"Mus musculus",Expression profiling by high throughput sequencing,2026-03-27,12,control; ETV4 KO; control+FGF; ETV4 KO+FGF,4,yes,2,Within FGF-minus and FGF-plus settings: control vs ETV4 KO,3 per group,3,GSE310201_4T1_3D_ETV-KO_FGF.txt.gz,unclear,clear,candidate,medium,Balanced four-group 4T1 design with clear control-versus-KO contrasts.,Raw-count status of the TXT supplement is not explicit from the series page.
GSE310157,"Bulk RNA-seq of mouse 4T1 cells with ETV4 KO",https://www.ncbi.nlm.nih.gov/geo/query/acc.cgi?acc=GSE310157,"Mus musculus",Expression profiling by high throughput sequencing,2026-03-27,6,4T1 control; 4T1 ETV4 KO,2,yes,1,3D-cultured 4T1 cells: control vs ETV4 KO,3 per group,3,GSE310157_4T1_3D_ETV-KO.txt.gz,unclear,clear,candidate,medium,Very clean two-group 4T1 knockout design.,The TXT supplement is not explicitly identified as a raw-count matrix on the series page.
GSE310155,"Bulk RNA-seq of mouse 4T1 cells with FGFR2 KO",https://www.ncbi.nlm.nih.gov/geo/query/acc.cgi?acc=GSE310155,"Mus musculus",Expression profiling by high throughput sequencing,2026-03-27,6,4T1 control; 4T1 FGFR2 KO,2,yes,1,3D-cultured 4T1 cells: control vs FGFR2 KO,3 per group,3,GSE310155_4T1_3D_FGFR2-KO.txt.gz,unclear,clear,candidate,medium,Very clean two-group 4T1 knockout design.,The TXT supplement is not explicitly identified as a raw-count matrix on the series page.
GSE281491,Bulk RNA-seq of mouse metastatic Breast Cancer cells,https://www.ncbi.nlm.nih.gov/geo/query/acc.cgi?acc=GSE281491,Mus musculus,Expression profiling by high throughput sequencing,2026-03-27,12,4T1 control 2D; 4T1 ETV4 KO 2D; 4T1 control 3D; 4T1 ETV4 KO 3D,4,yes,2,Within each culture condition: control vs ETV4 KO,Control 2D=2; ETV4 KO 2D=4 across two KO clones; Control 3D=2; ETV4 KO 3D=4 across two KO clones,2,GSE281491_4T1_2D_raw_counts.txt.gz; GSE281491_4T1_3D_raw_counts.txt.gz,raw_counts_confirmed,clear,eligible,high,Explicit raw-count matrices and clear control-versus-ETV4-knockout comparisons in both 2D and 3D settings.,
GSE311539,"Microbiome-produced nicotinic acid controls colon regional identity and injury susceptibility (Bulk-RNAseq)",https://www.ncbi.nlm.nih.gov/geo/query/acc.cgi?acc=GSE311539,"Mus musculus",Expression profiling by high throughput sequencing,2026-03-26,10,vehicle-treated organoids; WY-14643-treated organoids,2,yes,1,Colon organoids: vehicle vs Ppara agonist WY-14643,unclear from series summary,0,GSE311539_gene_fpkm.txt.gz,not_raw_counts,clear,exclude,high,Simple two-arm organoid treatment study.,FTP listing exposes an FPKM matrix only.
GSE324607,Bulk RNAseq in microglia from wild-type (WT) and Lactamase B (LACTB) enymatic dead (ED) mice (LACTB S162I).,https://www.ncbi.nlm.nih.gov/geo/query/acc.cgi?acc=GSE324607,Mus musculus,Expression profiling by high throughput sequencing,2026-03-24,6,LACTB WT; LACTB ED,2,yes,1,Microglia: WT vs enzymatic-dead LACTB,WT=3; ED=3,3,GSE324607_Differential_expression_analysis_table_allSamples.xlsx,not_raw_counts,clear,exclude,high,Comparison is simple and well replicated.,Only a differential-expression results table is listed; no raw-count matrix is evident.
GSE319325,Proteasome alteration between epithelial and hematopoietic cells facilitates positive selection of CD8 T cells,https://www.ncbi.nlm.nih.gov/geo/query/acc.cgi?acc=GSE319325,Mus musculus,Expression profiling by high throughput sequencing,2026-03-24,6,WT; BIT,2,yes,1,CD4-CD8+ T cells from lymph nodes: WT vs BIT,WT=3; BIT=3,3,GSE319325_RawCountFile_rsemgenes.csv.gz,raw_counts_confirmed,clear,eligible,high,Straightforward 2-group bulk RNA-seq with explicit raw-count file.,
GSE324755,Effects of liraglutide on skeletal muscle transcriptome in diet-induced obese C57BL/6 mice,https://www.ncbi.nlm.nih.gov/geo/query/acc.cgi?acc=GSE324755,Mus musculus,Expression profiling by high throughput sequencing,2026-03-18,8,Model; liraglutide,2,yes,1,Skeletal muscle in DIO mice: model vs liraglutide,Model=4; liraglutide=4,4,GSE324755_processed.data_allSamples.xlsx,unclear,clear,exclude,medium,Design and replication are straightforward.,Only a processed XLSX matrix is listed; raw-count status is not evident.
GSE273031,Mechanisms by which whole genome doubling drives breast tumor evolution [bulk RNA-Seq],https://www.ncbi.nlm.nih.gov/geo/query/acc.cgi?acc=GSE273031,Mus musculus,Expression profiling by high throughput sequencing,2026-03-15,53,WGD-negative and WGD-positive tumors across immune and treatment settings,multiple,yes,3,At minimum: WGD-negative vs WGD-positive within matched treatment cohorts,Several groups=2-3,2,GSE273031_Tumor_Timecourse_RNAseq_TMM_log2CPM.csv.gz; GSE273031_Tumor_YM155_Treatment_RNAseq_TMM_log2CPM.csv.gz; GSE273031_Tumor_aPDL1_aCD8_RNAseq_TMM_log2CPM.csv.gz,not_raw_counts,partially_clear,exclude,high,Usable contrasts likely exist within matched cohorts.,Only TMM log2CPM matrices are listed.
GSE309219,Impact of ECTV C15 expression on the early immune response in the popliteal lymph node (bulk RNA-seq),https://www.ncbi.nlm.nih.gov/geo/query/acc.cgi?acc=GSE309219,Mus musculus,Expression profiling by high throughput sequencing,2026-03-12,10,ECTV WT; ECTVΔC15,2,yes,1,48 hours post-infection in popliteal lymph node: ECTV WT vs ECTVΔC15,WT=5; ΔC15=5,5,GSE309219_48hpi_dLN_annotated_counts.txt.gz,raw_counts_confirmed,clear,eligible,high,Clear bulk 3-prime mRNA-seq with explicit count matrix and simple two-group comparison.,
GSE306146,Bulk RNASeq of Stromal Subsets in Wildtype and GD T cell-deficent Mice in Biomaterial Implant Fibrosis,https://www.ncbi.nlm.nih.gov/geo/query/acc.cgi?acc=GSE306146,Mus musculus,Expression profiling by high throughput sequencing,2026-03-11,16,WT endothelial; WT fibroblast; GDKO endothelial; GDKO fibroblast,4,yes,2,Within each stromal subset: WT vs GDKO,WT endothelial=4; WT fibroblast=4; GDKO endothelial=4; GDKO fibroblast=4,4,GSE306146_RAW.tar; filelist.txt,unclear,clear,candidate,medium,Replicated subset-specific contrasts are available.,No explicit gene-level count matrix is named on the series page.
GSE298364,BULK RNAseq - SV40 large T antigen immortalization of primary mouse intestinal epithelial stem and progenitor cells,https://www.ncbi.nlm.nih.gov/geo/query/acc.cgi?acc=GSE298364,Mus musculus,Expression profiling by high throughput sequencing,2026-03-11,26,Immortalized IECs; parental spheroids across jejunum and colon,multiple,yes,2,Within each tissue source: immortalized vs parental counterparts,Multiple groups; most appear >=3,3,GSE298364_AllSamples_NormalizedCounts_v3.csv.gz,not_raw_counts,partially_clear,exclude,high,Potentially useful matched contrasts exist.,Only a normalized-count matrix is listed.
GSE293533,"Bulk RNA sequencing of bone marrow CD8+ T cells in BMF mice treated with or without baricitinib at different time points",https://www.ncbi.nlm.nih.gov/geo/query/acc.cgi?acc=GSE293533,"Mus musculus",Expression profiling by high throughput sequencing,2026-03-11,16,BMF; BMF+baricitinib at day10 and day14,4,yes,2,At day10 and day14: BMF vs BMF+baricitinib,day10=5 pooled/group; day14=3 pooled/group,3,GSE293533_readcounts_10700.xlsx,unclear,clear,candidate,medium,Time-matched treatment contrasts are described explicitly.,No explicit gene-count matrix filename is listed.
GSE304115,"Bulk RNA-seq of Genetically Diverse Triple-Negative Breast Cancer Mouse Models Treated with Immunotherapy, Chemotherapy, Erlotinib, or Trametinib",https://www.ncbi.nlm.nih.gov/geo/query/acc.cgi?acc=GSE304115,"Mus musculus",Expression profiling by high throughput sequencing,2026-03-09,309,untreated and treated tumors across many TNBC mouse models,multiple,yes,multiple,"Within each tumor model, untreated vs treatment-matched comparisons likely exist",many groups across 309 tumors,2,GSE304115_salmon_quant_UQnorm_all_samples.txt.gz; GSE304115_salmon_quant_raw_all_samples.txt.gz,raw_counts_likely,partially_clear,candidate,medium,Large bulk tumor compendium with a file named raw_all_samples in FTP listing.,Study is highly multi-factorial and still needs model-level parsing before a clean inclusion call.
GSE285762,"Microbiome-produced nicotinic acid controls colon regional identity and injury susceptibility (Bulk-RNAseq)",https://www.ncbi.nlm.nih.gov/geo/query/acc.cgi?acc=GSE285762,"Mus musculus",Expression profiling by high throughput sequencing,2026-03-09,18,"proximal, mid, distal colon organoids in control or differentiation media",6,yes,3,Within each colon region: control media vs differentiation media,unclear,0,GSE285762_FPKM_allSamples.txt.gz,not_raw_counts,partially_clear,exclude,high,Organoid differentiation design is apparent.,FTP listing exposes FPKM only.
GSE322752,Bulk RNA-seq Analysis of Testis Tissues from Normal and Model Mice,https://www.ncbi.nlm.nih.gov/geo/query/acc.cgi?acc=GSE322752,Mus musculus,Expression profiling by high throughput sequencing,2026-03-08,9,Vehicle; BU+PBS; BU+BTT-3033,3,yes,2,Vehicle vs BU+PBS; BU+PBS vs BU+BTT-3033,Vehicle=3; BU+PBS=3; BU+BTT-3033=3,3,GSE322752_bulk_raw_exp_count.tsv.gz,raw_counts_confirmed,clear,eligible,high,Three-group bulk testis RNA-seq with explicit raw-expression count table and balanced replication.,
GSE239606,tRNA m1A modification enhances anti-tumor immunity in macrophages by promoting translation of key interferon associated genes [TAMs bulk RNA-seq],https://www.ncbi.nlm.nih.gov/geo/query/acc.cgi?acc=GSE239606,Mus musculus,Expression profiling by high throughput sequencing,2026-03-04,6,TRMT61A WT TAMs; TRMT61A KO TAMs,2,yes,1,Tumor-associated macrophages: WT vs TRMT61A KO,WT=3; KO=3,3,GSE239606_counts_anno.txt.gz,raw_counts_confirmed,clear,eligible,high,Simple TAM knockout comparison with explicit annotated counts matrix.,
GSE239601,tRNA m1A modification enhances anti-tumor immunity in macrophages by promoting translation of key interferon associated genes [BMDMs bulk RNA-seq],https://www.ncbi.nlm.nih.gov/geo/query/acc.cgi?acc=GSE239601,Mus musculus,Expression profiling by high throughput sequencing,2026-03-04,6,TRMT61A WT BMDMs; TRMT61A KO BMDMs,2,yes,1,Bone-marrow-derived macrophages: WT vs TRMT61A KO,WT=3; KO=3,3,GSE239601_counts_anno.txt.gz,raw_counts_confirmed,clear,eligible,high,Simple BMDM knockout comparison with explicit annotated counts matrix.,
GSE308174,"Bulk mRNA-seq analysis of mouse skeletal muscle, heart and liver expressing wild-type and mutant H2B",https://www.ncbi.nlm.nih.gov/geo/query/acc.cgi?acc=GSE308174,"Mus musculus",Expression profiling by high throughput sequencing,2026-03-02,75,"wild-type H2B and mutant H2B across skeletal muscle, heart, and liver",multiple,yes,3,Within each tissue: wild-type vs mutant H2B,unclear from summary,0,GSE308174_Normalized_counts_file_mRNA-seq_heart.tabular.gz; GSE308174_Normalized_counts_file_mRNA-seq_liver.tabular.gz; GSE308174_Normalized_counts_file_mRNA-seq_ske.tabular.gz,unclear,partially_clear,candidate,low,Bulk multi-tissue AAV transduction study with likely tissue-matched contrasts.,Explicit count matrices and exact per-group replication are not named on the series page.
GSE307414,"Bulk mRNA-seq analysis of mouse hematopoietic stem and progenitor cells expressing wild-type and mutant H2B during myeloid and megakaryocyte/erythroid differentiation",https://www.ncbi.nlm.nih.gov/geo/query/acc.cgi?acc=GSE307414,"Mus musculus",Expression profiling by high throughput sequencing,2026-03-02,15,wild-type H2B and mutant H2B HSPCs during two differentiation programs,multiple,yes,2,Within each differentiation lineage: wild-type vs mutant H2B,unclear from summary,0,GSE307414_Normalized_counts_file_mRNA-seq_HSPCs.tabular.gz,unclear,partially_clear,candidate,low,Differentiation-specific contrasts likely exist.,Series page does not explicitly provide a gene-count matrix or exact replicate structure.
GSE297857,HFD-induced metabolic syndrome is promoted by JNK7b isoform,https://www.ncbi.nlm.nih.gov/geo/query/acc.cgi?acc=GSE297857,Mus musculus,Expression profiling by high throughput sequencing,2026-02-27,6,WT; Rxra S65A mutant,2,yes,1,Liver under HFD: WT vs Rxra S65A mutant,WT=3; Rxra S65A mutant=3,3,GSE297857_Counts.txt.gz; GSE297857_TPM.txt.gz,raw_counts_confirmed,clear,eligible,high,Simple 2-group bulk liver RNA-seq with explicit counts file and clear sample labels.,
GSE260530,"Distinct Roles for SETα and SETβ in Early Cell Fate Decisions [RNA-Seq]",https://www.ncbi.nlm.nih.gov/geo/query/acc.cgi?acc=GSE260530,"Mus musculus",Expression profiling by high throughput sequencing,2026-02-18,91,WT ESCs; SETalpha KO; SETbeta KO; addback/overexpression conditions,multiple,yes,2,At minimum: WT vs SETalpha KO and WT vs SETbeta KO,unclear from series summary,0,GSE260530_RAW.tar,unclear,partially_clear,candidate,low,Series summary indicates WT-versus-isoform-specific knockout comparisons in ESCs.,Replication and explicit count-matrix availability are not clear from the series page.
GSE298679,"Transcriptomic Profiling of Ferroptosis in Enteric Neurons: Bulk RNA-Seq of IM-FEN Cells Treated with Palmitate",https://www.ncbi.nlm.nih.gov/geo/query/acc.cgi?acc=GSE298679,"Mus musculus",Expression profiling by high throughput sequencing,2026-02-17,12,vehicle-treated IM-FEN cells; palmitate-treated IM-FEN cells,2,yes,1,IM-FEN enteric neurons: vehicle vs palmitate,6 per group,6,GSE298679_PA_treatmentvsPA_control_deg_processed_file.xlsx,not_raw_counts,clear,exclude,high,Treatment comparison and replication are strong.,Series description states that the processed supplement is a normalized gene-expression matrix.
GSE301801,"Bulk RNA-seq analysis of WT C57BL/6 mise treated with Control, Choleste-help normal lot, toxic lot, and Puberulic acid",https://www.ncbi.nlm.nih.gov/geo/query/acc.cgi?acc=GSE301801,"Mus musculus",Expression profiling by high throughput sequencing,2026-02-15,20,vehicle; Choleste-Help normal lot; Choleste-Help toxic lot; puberulic acid,4,yes,3,Kidney tissue: vehicle vs each treatment group,unclear from series summary,0,GSE301801_gene_counts.txt.gz,unclear,partially_clear,candidate,low,Control and three treatment arms are clearly described.,Replication and explicit count-matrix availability are not clear from the series page.
GSE300143,Bulk RNA-seq profiling of mouse livers with Themis ablation under MASH diet feeding condition,https://www.ncbi.nlm.nih.gov/geo/query/acc.cgi?acc=GSE300143,Mus musculus,Expression profiling by high throughput sequencing,2026-02-10,6,WT MASH liver; Themis KO MASH liver,2,yes,1,Liver under MASH diet: WT vs whole-body Themis knockout,WT=3; KO=3,3,GSE300143_gene_count_table.txt.gz,raw_counts_confirmed,clear,eligible,high,Clear two-group liver bulk RNA-seq with explicit gene-count table.,
GSE317909,"TOX drives TH1 CD4+ T cell effector function, anti-tumor immunity, and pathogenicity in autoimmune diseases [RNA-Seq]",https://www.ncbi.nlm.nih.gov/geo/query/acc.cgi?acc=GSE317909,"Mus musculus",Expression profiling by high throughput sequencing,2026-02-02,10,TOX WT CD4 T cells; TOX KO CD4 T cells,2,yes,1,Tumor-draining lymph node CD4 T cells: TOX WT vs TOX KO,WT=4; KO=6,4,GSE317909_RAW.tar,unclear,clear,candidate,medium,Sorted CD4 T-cell comparison is simple and replicated.,The GEO page does not explicitly list a gene-level count matrix filename.
GSE223114,"Sex differences in Yap1 oncogene function in immune evasion [EndPoint_Bulk RNA-seq]",https://www.ncbi.nlm.nih.gov/geo/query/acc.cgi?acc=GSE223114,"Mus musculus",Expression profiling by high throughput sequencing,2026-02-02,12,SG endpoint; Yap1-rescued endpoint,2,yes,1,Endpoint tumor comparison between SG and Yap1-rescued models,unclear,0,GSE223114_endpoint-allYSGrvsSG.log2CPM.csv.gz,not_raw_counts,partially_clear,exclude,high,Bulk endpoint comparison appears usable by design.,FTP listing exposes a log2CPM matrix rather than raw counts.
GSE223113,"Sex differences in Yap1 oncogene function in immune evasion [P8_Bulk RNA-seq]",https://www.ncbi.nlm.nih.gov/geo/query/acc.cgi?acc=GSE223113,"Mus musculus",Expression profiling by high throughput sequencing,2026-02-02,9,SG; YSGnr; YSGr at P8/P9,3,yes,2,"P8/P9 bulk comparisons among SG, non-rescued, and rescued models",unclear,0,GSE223113_AllP8_BulkRNAseq.log2CPM.csv.gz,unclear,partially_clear,candidate,low,Developmental bulk comparison among three genotypes/conditions.,Raw-count status is not explicit from the available series information.
GSE200283,"Bulk RNA-seq of mice synovium",https://www.ncbi.nlm.nih.gov/geo/query/acc.cgi?acc=GSE200283,"Mus musculus",Expression profiling by high throughput sequencing,2026-02-02,32,control; MMS D3; MMS D7; MMS D14; MMS D28; recovery groups across synovium and cartilage,multiple,yes,4,"Within tissue, control vs MMS timepoints are likely usable",most groups appear replicated,2,GSE200283_cartilage.csv.gz; GSE200283_synovium.csv.gz,unclear,partially_clear,candidate,medium,Series spans synovium and cartilage across model timepoints.,CSV supplements do not explicitly establish raw-count status from the series page alone.
GSE313080,"microRNA-25 drives initial resistance to immune checkpoint therapy by repressing innate and humoral immunity via Syndecan3",https://www.ncbi.nlm.nih.gov/geo/query/acc.cgi?acc=GSE313080,"Mus musculus",Non-coding RNA profiling by high throughput sequencing; Expression profiling by high throughput sequencing,2026-02-01,51,refer to subseries,multiple,no,0,Superseries; subseries-specific comparisons required,not summarized at superseries level,0,GSE313080_RAW.tar,unclear,ambiguous,exclude,high,Superseries combines ncRNA and RNA-seq content.,Study is too complex at the superseries level to identify one clean bulk pairwise comparison without subseries review.
GSE313005,"microRNA-25 drives initial resistance to immune checkpoint therapy by repressing innate and humoral immunity via Syndecan3 [single_clone_RNA_seq_B16]",https://www.ncbi.nlm.nih.gov/geo/query/acc.cgi?acc=GSE313005,"Mus musculus",Expression profiling by high throughput sequencing,2026-02-01,15,WT B16; pooled miR-25 KO; single-clone miR-25 KO,3,yes,1,WT B16 vs miR-25 KO clone(s),unclear from series summary,0,GSE313005_RAW.tar,unclear,partially_clear,candidate,low,Series likely contains usable WT-versus-KO contrasts.,Clone structure and explicit count-matrix availability need manual confirmation.
GSE313003,"microRNA-25 drives initial resistance to immune checkpoint therapy by repressing innate and humoral immunity via Syndecan3 [In_vitro_RNA_seq_B16]",https://www.ncbi.nlm.nih.gov/geo/query/acc.cgi?acc=GSE313003,"Mus musculus",Expression profiling by high throughput sequencing,2026-02-01,10,IFN-g treated B16 conditions,multiple,yes,1,Transcriptomic response to IFN-g treatment in B16 cells,unclear from series summary,0,GSE313003_RAW.tar,unclear,ambiguous,candidate,low,In vitro treatment design is apparent from summary.,Control mapping and count-matrix availability are not explicit on the series page.
GSE305800,"Murine models for triple-negative breast cancer with differential responsiveness to immunotherapy",https://www.ncbi.nlm.nih.gov/geo/query/acc.cgi?acc=GSE305800,"Mus musculus",Expression profiling by high throughput sequencing,2026-01-30,10,MM001i cultured; MM001i tumor; MM008i cultured; MM008i tumor,4,yes,2,Within each TNBC model: cultured cells vs mammary tumors,cultured=2/model; tumors=3/model,2,GSE305800_RAW.tar,unclear,clear,candidate,medium,Replication and grouping are described clearly for two TNBC models.,No explicit gene-count matrix filename is listed on the series page.
GSE316798,"Effects of rocking during sleep on the bulk transcriptome of mouse cerebral cortex.",https://www.ncbi.nlm.nih.gov/geo/query/acc.cgi?acc=GSE316798,"Mus musculus",Expression profiling by high throughput sequencing,2026-01-29,8,sleep; sleep-enhanced,2,yes,1,Motor cortex: sleep vs sleep-enhanced mice,4 per group,4,GSE316798_RAW.tar,unclear,clear,candidate,medium,Simple bulk cortex comparison with balanced replication.,No explicit gene-count matrix filename is listed on the series page.
GSE275794,"Tachykinin signaling defines distinct populations of glia in the enteric nervous system [Bulk RNA-seq]",https://www.ncbi.nlm.nih.gov/geo/query/acc.cgi?acc=GSE275794,"Mus musculus",Expression profiling by high throughput sequencing,2026-01-28,19,GFP+ and GFP- cells from mucosa and muscle,4,no,0,Cell-population atlas without a perturbation baseline,unclear,0,GSE275794_countsData_19_samples.csv.gz,unclear,partially_clear,exclude,high,Enteric glia population-comparison study.,No clear control-versus-experimental perturbation design.
GSE315617,"Bulk RNA Sequencing of MCMV-Specific M45 Tetramer-Positive CD8⁺ T Cells from Wild-Type and  B cell-deficient JHT mice",https://www.ncbi.nlm.nih.gov/geo/query/acc.cgi?acc=GSE315617,"Mus musculus",Expression profiling by high throughput sequencing,2026-01-18,6,wild-type M45+ CD8 T cells; JHT M45+ CD8 T cells,2,yes,1,MCMV-specific CD8 T cells: WT vs B cell-deficient JHT mice,3 per group,3,GSE315617_WT_vs._JHT_subexperiment.xlsx,unclear,clear,candidate,medium,Sorted antigen-specific CD8 T-cell comparison is clear and balanced.,The series page does not explicitly name a gene-level count matrix.
GSE316220,"Bulk RNA-seq of multi-tissue transcriptomes from control and DHEA-treated mice (ovary, uterus, thymus, brain, heart, intestine, kidney, liver and spleen)",https://www.ncbi.nlm.nih.gov/geo/query/acc.cgi?acc=GSE316220,"Mus musculus",Expression profiling by high throughput sequencing,2026-01-16,20,control vs DHEA-treated across nine tissues,multiple,yes,9,Within each tissue: control vs DHEA-treated,unclear from summary,0,GSE316220_RNAseq_FPKM_data_filter_NA.csv.gz; GSE316220_RNAseq_log2fold.csv.gz,not_raw_counts,partially_clear,exclude,high,Multi-tissue DHEA treatment study.,FTP listing exposes FPKM and log2-fold tables rather than raw counts.
GSE315991,"Transcriptomics Analysis of bulk RNA from liver tissues of male mice treated with high-fat diet and formoterol",https://www.ncbi.nlm.nih.gov/geo/query/acc.cgi?acc=GSE315991,"Mus musculus",Expression profiling by high throughput sequencing,2026-01-15,9,vehicle; formoterol,2,yes,1,Male liver tissue: vehicle vs formoterol,vehicle=4; formoterol=5,4,GSE315991_gene_count.txt.gz,unclear,clear,candidate,medium,Straightforward treatment-versus-control liver study with adequate replication.,No explicit count-matrix filename is listed on the series page.
GSE297794,"Transcriptomic analysis of chemotherapy-associated oropharyngeal candidiasis reveals a novel role of indigenous mucosal bacteria in pathogenesis",https://www.ncbi.nlm.nih.gov/geo/query/acc.cgi?acc=GSE297794,"Mus musculus",Expression profiling by high throughput sequencing,2025-12-30,6,5FU+Candida; 5FU+Candida+antibiotics,2,yes,1,Chemotherapy-associated candidiasis: with vs without antibiotics,3 per group,3,GSE297794_RAW.tar,unclear,partially_clear,candidate,medium,Simple tongue-tissue contrast with balanced replication.,The series page does not explicitly name a gene-level count matrix.
GSE297245,Prenatal and postnatal effects of gestational immune activation on synaptic and neurodevelopmental pathways via epigenetic mechanisms (RNA-seq),https://www.ncbi.nlm.nih.gov/geo/query/acc.cgi?acc=GSE297245,Mus musculus,Expression profiling by high throughput sequencing,2025-12-19,84,Groups A-G defined by prenatal/postnatal MIA and cross-fostering state,7,yes,3,"Potentially usable contrasts include Group A vs B, A vs C, and A vs D",6 mice per group but each mouse has 2 RNA replicates,6,GSE297245_RAW.tar,unclear,partially_clear,candidate,low,Group definitions are spelled out on the page.,Control mapping is not simple and technical-versus-biological replicate handling needs manual review.
GSE269664,"Heterobifunctional proteomimetic polymers for targeted degradation of MYC and KRAS",https://www.ncbi.nlm.nih.gov/geo/query/acc.cgi?acc=GSE269664,"Homo sapiens",Expression profiling by high throughput sequencing,2025-12-01,33,human cell line treatments,multiple,no,0,Not applicable,not applicable,0,GSE269664_RAW.tar; GSE269664_htseq.all.counts.txt.gz,unclear,clear,exclude,high,Series is dominated by human cell-line experiments.,Non-mouse organism.
GSE311564,A reduced TBX5-dependent gene regulatory network links atrial fibrillation and heart failure [RNA-seq: Tbx5_LV_KO],https://www.ncbi.nlm.nih.gov/geo/query/acc.cgi?acc=GSE311564,Mus musculus,Expression profiling by high throughput sequencing,2025-11-30,6,Control left ventricle; Tbx5 KO left ventricle,2,yes,1,Left ventricle: control vs Tbx5 KO,Control=3; Tbx5 KO=3,3,GSE311564_RAW.tar,unclear,clear,candidate,medium,Bulk RNA-seq subseries with straightforward grouping and replication.,No explicit gene-level count matrix is listed on the series page.
GSE305888,Effect of Aiolos on virtual memory T cell differentiation and function,https://www.ncbi.nlm.nih.gov/geo/query/acc.cgi?acc=GSE305888,Mus musculus,Expression profiling by high throughput sequencing; Genome binding/occupancy profiling by high throughput sequencing,2025-11-10,18,WT TVM; Aiolos KO TVM; Naive WT; WT; Aiolos KO,5,yes,2,WT TVM vs Aiolos KO TVM; WT vs Aiolos KO,WT TVM=4; Aiolos KO TVM=4; Naive WT=4; WT=3; Aiolos KO=3,3,GSE305888_RAW.tar,unclear,clear,candidate,medium,RNA-seq samples are plainly labeled.,Series page does not explicitly name a gene-level count matrix.
GSE292505,Radon Exposure Delays the Development of Skin Lesions in a Mouse Model of Psoriasis,https://www.ncbi.nlm.nih.gov/geo/query/acc.cgi?acc=GSE292505,Mus musculus,Expression profiling by high throughput sequencing,2025-11-04,8,Sham skin; radon-exposed skin,2,yes,1,Psoriatic skin: sham vs radon exposure,Sham=4; radon=4,4,GSE292505_merged_counts.tsv.gz; GSE292505_RAW.tar; filelist.txt,raw_counts_confirmed,clear,eligible,high,Simple two-group skin bulk RNA-seq with merged count matrix and balanced replication.,
GSE291447,Targeting CD11b+ regulatory B cells via RAS/RAF/PI3K pathway inhibition augments response to immune checkpoint blockade or CD40 agonism in metastatic melanoma,https://www.ncbi.nlm.nih.gov/geo/query/acc.cgi?acc=GSE291447,Mus musculus,Expression profiling by high throughput sequencing,2025-10-23,60,"Multiple CD40-control and CD40-OE tumor treatment groups including Vehicle+IgG, Vehicle+PD1, Vehicle+aCD40, aCD40+PD1, and RGS+IgG",10,yes,4,"At minimum, within each tumor background: Vehicle+IgG vs Vehicle+PD1; Vehicle+IgG vs Vehicle+aCD40; Vehicle+IgG vs RGS+IgG",Each treatment group=3 by design,3,GSE291447_RNAseq_mouse.counts.gz; GSE291447_RNAseq_mouse.proteincoding.counts.gz; GSE291447_RAW.tar; filelist.txt,raw_counts_confirmed,clear,eligible,medium,Complex but well-annotated bulk tumor RNA-seq with explicit mouse count matrices and replicated treatment groups.,
GSE287677,Transcriptome profiling of starved Actr3 KO mIMCD3 cells,https://www.ncbi.nlm.nih.gov/geo/query/acc.cgi?acc=GSE287677,Mus musculus,Expression profiling by high throughput sequencing,2025-10-16,12,Actr3 control; Actr3 KO; Actr3-Ift88 dKO; Actr3 KO + ciliobrevin D,4,yes,3,At minimum: control vs Actr3 KO; control vs dKO; Actr3 KO vs Actr3 KO + ciliobrevin D,control=3; Actr3 KO=3; dKO=3; Actr3 KO + CB=3,3,GSE287677_Normalized_counts_file.tabular.txt.gz,not_raw_counts,clear,exclude,high,Design and replication are usable.,Only a normalized counts file is explicitly provided.
GSE308485,"Prostaglandin D2 Synthase: A novel Player in the Pathological Signaling Mechanism of the Aldosterone–Mineralocorticoid Receptor Pathway in the Heart",https://www.ncbi.nlm.nih.gov/geo/query/acc.cgi?acc=GSE308485,"Mus musculus",Expression profiling by high throughput sequencing,2025-10-08,6,AAV9-Empty control heart; AAV9-MR + aldosterone heart,2,yes,1,Heart tissue: empty-vector control vs MR overexpression plus aldosterone,3 per group,3,GSE308485_RAW.tar,unclear,clear,candidate,medium,Straightforward two-group heart-tissue design with balanced replication.,No explicit gene-count matrix is listed on the series page.
GSE291154,Effect of pressure-overload on cardiac endothelial cells in Balb/c mice,https://www.ncbi.nlm.nih.gov/geo/query/acc.cgi?acc=GSE291154,Mus musculus,Expression profiling by high throughput sequencing,2025-09-30,3,Sham heart; TAC heart,2,no,0,Sham vs TAC is underpowered on the series page,Sham=2; TAC=1,1,GSE291154_Balb_scRNAseq_ref_README.txt; GSE291154_RAW.tar; GSE291154_all_LEC_barcodes.csv.gz; GSE291154_expression_data_value.xlsx,unclear,clear,exclude,high,Condition labels are obvious.,Series is single-cell and has only one TAC sample.
GSE302641,"Low-input unstranded RNA sequencing on FACS isolated tdTomato positive cells from the sternocleidomastoid muscles of aP2-Cre;R26tdTomato and Cdh5-Cre;R26tdTomato animals",https://www.ncbi.nlm.nih.gov/geo/query/acc.cgi?acc=GSE302641,"Mus musculus",Expression profiling by high throughput sequencing,2025-09-22,6,aP2-Cre tdTomato+ cells; Cdh5-Cre tdTomato+ cells,2,no,0,Lineage-comparison study without a baseline perturbation control,unclear,0,GSE302641_RAW.tar,unclear,partially_clear,exclude,high,Cell-identity comparison between two reporter lines.,No clear control-versus-experimental perturbation design.
GSE302271,"Plasmacytoid dendritic cells are dispensable or detrimental in murine systemic or respiratory viral infections [RNA-Seq 2]",https://www.ncbi.nlm.nih.gov/geo/query/acc.cgi?acc=GSE302271,"Mus musculus",Expression profiling by high throughput sequencing,2025-09-19,22,"control lungs and pDC-less lungs at D0, D3, D6 after IAV infection",6,yes,3,Within each timepoint: control vs pDC-less lungs,D0=3/group; D3=4/group; D6=4/group,3,GSE302271_FeatureCounts_Influenza.counts.gz,raw_counts_confirmed,partially_clear,candidate,medium,FeatureCounts matrix is available and time-matched contrasts are described.,Sample-title mapping to exact groups is not explicit on the main series page.
GSE231919,"Rhabdomyosarcoma transformation dictated by presence of primary cilia and hedgehog signaling in endothelial progenitor cells",https://www.ncbi.nlm.nih.gov/geo/query/acc.cgi?acc=GSE231919,"Mus musculus",Expression profiling by high throughput sequencing,2025-09-19,39,refer to subseries,multiple,no,0,Superseries; direct pairwise comparison not resolved at series level,unclear,0,GSE231919_RAW.tar,unclear,ambiguous,exclude,high,Transformation study spans multiple components.,Series is too complex at the top level to identify one clean pairwise bulk comparison without subseries review.
GSE277479,"Diet-induced dyslipidemia leads to enhanced IFN-g production by mycolic acid-specific T cells",https://www.ncbi.nlm.nih.gov/geo/query/acc.cgi?acc=GSE277479,"Mus musculus",Expression profiling by high throughput sequencing,2025-08-13,8,normal chow; high-fat diet,2,yes,1,Activated mycolic-acid-specific T cells: NC vs HFD,4 per group,4,GSE277479_Activated_NC_vs_Activated_HFD_Differential_Expression.csv.gz; GSE277479_RAW.tar,not_raw_counts,clear,exclude,high,Diet groups and replication are clear.,"FTP listing exposes only a differential-expression CSV, not a raw-count matrix."
GSE282280,DNA methylation-sensitive transcription factors and bivalency orchestrate transposon expression in the absence of DNA methylation,https://www.ncbi.nlm.nih.gov/geo/query/acc.cgi?acc=GSE282280,Mus musculus,Genome binding/occupancy profiling by high throughput sequencing; Expression profiling by high throughput sequencing,2025-08-08,93,Spg WT; Spg Dnmt3CKO/KO; Spc WT; Spc Dnmt3CKO/KO; germ WT; germ Dnmt3CKO/KO; germ Nrf1KO/KO; germ double mutant,8,yes,4,At minimum: Spg WT vs Dnmt3CKO/KO; Spc WT vs Dnmt3CKO/KO; germ WT vs Dnmt3CKO/KO; germ WT vs Nrf1KO/KO,Spg WT=3; Spg Dnmt3CKO/KO=3; Spc WT=4; Spc Dnmt3CKO/KO=4; germ WT=3; germ Dnmt3CKO/KO=3; germ Nrf1KO/KO=3; germ double mutant=3,3,GSE282280_RAW.tar,unclear,partially_clear,candidate,medium,Main page exposes clearly replicated RNA comparisons.,Only a raw tarball is listed at series level; explicit gene-level counts are not named.
GSE303829,"An IFN/STAT1/CYBB Axis Defines Protective Plasmacytoid DC to Neutrophil Crosstalk in Aspergillus fumigatus Infected mice",https://www.ncbi.nlm.nih.gov/geo/query/acc.cgi?acc=GSE303829,"Mus musculus",Genome binding/occupancy profiling by high throughput sequencing; Expression profiling by high throughput sequencing; Other,2025-07-29,37,multiple infected and naive immune-cell populations,multiple,yes,multiple,Likely genotype or infection-state comparisons within sorted pDC/neutrophil compartments,unclear from superseries summary,0,GSE303829_RAW.tar,unclear,ambiguous,candidate,low,Potentially relevant RNA-seq subseries exists within a larger multi-assay study.,Superseries structure prevents a clean series-level call without subseries review.
GSE264583,"Non-cell autonomous tumor promotion in DICER1 cancer predisposition",https://www.ncbi.nlm.nih.gov/geo/query/acc.cgi?acc=GSE264583,"Homo sapiens",Expression profiling by high throughput sequencing; Expression profiling by array,2025-07-29,18,mixed human and mouse components,multiple,no,0,Not applicable,not applicable,0,GSE264583_RAW.tar,unclear,clear,exclude,high,Contains non-mouse and array content.,Non-mouse/mixed-organism study and mixed assay types.
GSE280164,"An IFN/STAT1/CYBB Axis Defines Protective Plasmacytoid DC to Neutrophil Crosstalk in Aspergillus fumigatus Infected mice [RNA-seq]",https://www.ncbi.nlm.nih.gov/geo/query/acc.cgi?acc=GSE280164,"Mus musculus",Expression profiling by high throughput sequencing,2025-07-17,24,lung pDCs and neutrophils from naive and infected mice across genotypes,multiple,yes,2,"Within each cell type or infection state, genotype-matched contrasts likely exist",unclear from summary,0,GSE280164_RAW.tar,unclear,partially_clear,candidate,low,Sorted-cell bulk RNA-seq with likely usable contrasts.,Exact grouping and count-matrix availability need sample-level review.
GSE292289,H3K79 methylation and H3K36 trimethylation synergistically regulate gene expression in pluripotent stem cells,https://www.ncbi.nlm.nih.gov/geo/query/acc.cgi?acc=GSE292289,Mus musculus,Expression profiling by high throughput sequencing; Genome binding/occupancy profiling by high throughput sequencing,2025-07-04,94,WT; DOT1LCI; SETD2CI; DCI; WT neural day21; DCI neural day21; DCI DMSO; DCI VP; WT serumLIF; DOT1LCI serumLIF; SETD2CI serumLIF; DCI serumLIF,12,yes,4,At minimum: WT vs DOT1LCI; WT vs SETD2CI; WT vs DCI; WT neural day21 vs DCI neural day21,WT=3; DOT1LCI=3; SETD2CI=3; DCI=3; WT neural day21=3; DCI neural day21=3; DCI drug subgroups=2,2,GSE292289_RAW.tar,unclear,partially_clear,candidate,medium,RNA samples are clearly labeled on the SuperSeries page.,Only a raw tarball is listed at series level; explicit gene-level count matrix is not named.
GSE292806,"NOTCH2 disrupts the synovial fibroblast identity and the inflammatory response of epiphyseal chondrocytes",https://www.ncbi.nlm.nih.gov/geo/query/acc.cgi?acc=GSE292806,"Mus musculus",Expression profiling by high throughput sequencing,2025-06-25,15,wild-type chondrocytes; Notch2 experimental chondrocytes; NICD2 experimental chondrocytes,3,yes,2,WT vs Notch2 perturbation contrasts in chondrocytes,WT groups=3-4; experimental groups=4,3,GSE292806_RAW.tar,unclear,partially_clear,candidate,medium,Chondrocyte perturbation design and replication appear usable.,No explicit gene-count matrix filename is listed.
GSE283376,"Integrating Reproductive States and Social Cues in the control of Sociosexual Behaviors",https://www.ncbi.nlm.nih.gov/geo/query/acc.cgi?acc=GSE283376,"Mus musculus",Expression profiling by high throughput sequencing,2025-05-20,38,"multiple sex, estrous-state, and TRAP-seq conditions",multiple,no,0,Highly multi-factorial TRAP-seq design,variable,0,GSE283376_RAW.tar,unclear,ambiguous,exclude,high,Neural TRAP-seq study with multiple biological axes.,Study design is too complex to identify one clean bulk pairwise comparison from the series page.
GSE256407,"The effect of acute knockout of Nr2e3 on mouse photoreceptor cells",https://www.ncbi.nlm.nih.gov/geo/query/acc.cgi?acc=GSE256407,"Mus musculus",Expression profiling by high throughput sequencing,2025-04-22,6,Nr2e3 KO photoreceptors; non-targeting control photoreceptors,2,yes,1,Acute Nr2e3 knockout vs control photoreceptors,3 per group,3,GSE256407_DESeq2_AcuteNr2e2KOvsControl.xlsx; GSE256407_RAW.tar,not_raw_counts,clear,exclude,high,Knockout-versus-control design is clear and balanced.,FTP listing exposes a DESeq2 results workbook rather than a raw-count matrix.
GSE262799,"UUO-rUUO single population RNA seq, Denby lab 2019",https://www.ncbi.nlm.nih.gov/geo/query/acc.cgi?acc=GSE262799,Mus musculus,Expression profiling by high throughput sequencing,2025-03-27,46,Sham; UUO; RUUO across LTL+ F4/80+ PDGFRB+ CD31+ cell populations,3,yes,8,Within each cell type: Sham vs UUO and Sham vs RUUO,Sham=4; UUO=4; RUUO=4 per cell type,4,GSE262799_FPKM_table_ALL2.csv.gz,not_raw_counts,clear,exclude,high,Bulk sorted-population RNA-seq with good replication.,Listed processed matrix is FPKM.
GSE281745,Activated T cells break tumor immunosuppression by macrophage re-education,https://www.ncbi.nlm.nih.gov/geo/query/acc.cgi?acc=GSE281745,Mus musculus,Expression profiling by high throughput sequencing,2025-03-10,6,Control TAMs; Hpgds KO TAMs,2,yes,1,Tumor-associated macrophages: control vs Hpgds KO,Control=3; Hpgds KO=3,3,GSE281745_genecounts_s2.counts.counts.gz,raw_counts_confirmed,clear,eligible,high,Two-group TAM bulk RNA-seq with explicit gene-count matrix.,
GSE284251,"Atherosclerotic Plaque Macrophages Drive Abdominal Aortic Aneurysm Formation [bulkRNA-Seq]",https://www.ncbi.nlm.nih.gov/geo/query/acc.cgi?acc=GSE284251,"Mus musculus",Expression profiling by high throughput sequencing,2025-03-06,13,room air abdominal aorta; cigarette-smoke abdominal aorta,2,yes,1,Abdominal aortas: room air vs cigarette smoke exposure,room air=5; smoke=8,5,GSE284251_RAW.tar,unclear,clear,candidate,medium,Exposure comparison is simple and strongly replicated.,No explicit gene-count matrix is listed on the series page.
GSE282895,A functional single cell metabolic survey identifies Elovl1 as a target to enhance CD8+ T cell fitness in solid tumors. [in vitro],https://www.ncbi.nlm.nih.gov/geo/query/acc.cgi?acc=GSE282895,Mus musculus,Expression profiling by high throughput sequencing,2025-02-04,8,Control OT-I T cells; Elovl1 KO OT-I T cells,2,yes,1,Tumor-infiltrating OT-I T cells: control vs Elovl1 KO,Control=4; Elovl1 KO=4,4,GSE282895_combined_genecounts_s2.counts.counts.gz,raw_counts_confirmed,clear,eligible,high,Explicit gene-count matrix with balanced control-versus-knockout comparison.,
GSE224704,Bulk transcriptomic profiling of dermal macrophage subtypes,https://www.ncbi.nlm.nih.gov/geo/query/acc.cgi?acc=GSE224704,Mus musculus,Expression profiling by high throughput sequencing,2024-12-25,15,S1; S2_5; S3 macrophage subtypes,3,no,0,No clear baseline/control condition is stated,S1=5; S2_5=5; S3=5,5,GSE224704_RAW.tar,unclear,clear,exclude,high,Bulk RNA-seq and paired sampling are clear.,No clear control-versus-experimental baseline.
GSE280336,Endothelial FUNDC1 Deficiency Drives Pulmonary Hypertension [bulk RNA-seq],https://www.ncbi.nlm.nih.gov/geo/query/acc.cgi?acc=GSE280336,Mus musculus,Expression profiling by high throughput sequencing,2024-11-18,6,PAEC FL; PAEC EC-KO,2,yes,1,Pulmonary arterial endothelial cells: floxed control vs endothelial FUNDC1 knockout,FL=3; EC-KO=3,3,GSE280336_allread.counts.gz; GSE280336_allread.counts.summary.txt.gz,raw_counts_confirmed,clear,eligible,high,Straightforward endothelial knockout comparison with explicit all-read counts file.,
GSE266472,Transcriptomic Plasticity of the Circadian Clock in Response to Photoperiod: A Study in Male Melatonin-Competent Mice,https://www.ncbi.nlm.nih.gov/geo/query/acc.cgi?acc=GSE266472,Mus musculus,Expression profiling by high throughput sequencing,2024-08-01,123,LONG photoperiod and SHORT photoperiod across multiple circadian timepoints,12,yes,6,"At each matched circadian timepoint, LONG vs SHORT photoperiod is a usable pairwise comparison","Multiple replicates per photoperiod-timepoint group, generally around 10 per group",9,Multiple per-sample HTSeq count files (e.g. GSE266472_3518-OC-1_HTSeq_formatted.counts.gz and related files),raw_counts_confirmed,clear,eligible,medium,Large photoperiod study with clearly labeled sample titles and per-sample HTSeq count files.,
GSE248697,single nucleus RNA-seq for mice septal area,https://www.ncbi.nlm.nih.gov/geo/query/acc.cgi?acc=GSE248697,Mus musculus,Expression profiling by high throughput sequencing,2024-07-02,6,septal-area nuclei samples,1,no,0,Not applicable,not applicable,0,,unclear,ambiguous,exclude,high,Mouse study is within the date window.,Single-nucleus RNA-seq.
GSE240693,Circadian-affected tissue specificity is linked to aging and longevity,https://www.ncbi.nlm.nih.gov/geo/query/acc.cgi?acc=GSE240693,Mus musculus,Expression profiling by high throughput sequencing,2024-06-03,144,"Control vs sleep deprivation across cerebellum, forebrain, liver, and kidney at multiple circadian times",2,yes,24,"For the sleep-deprivation subseries, CON vs SD at each tissue-timepoint pair",CON=2 and SD=2 per tissue-timepoint pair,2,GSE240693_RAW.tar,unclear,clear,candidate,medium,Bulk RNA-seq with many clean pairings.,SuperSeries is complex and the page does not explicitly name a gene-level count matrix.
GSE249016,Epigenetic profiling in adult brain after prenatal BPA exposure,https://www.ncbi.nlm.nih.gov/geo/query/acc.cgi?acc=GSE249016,Mus musculus,Expression profiling by high throughput sequencing; Methylation profiling by high throughput sequencing; Genome binding/occupancy profiling by high throughput sequencing,2024-05-29,45,Male PFC Ctrl; Male PFC BPA; Female PFC Ctrl; Female PFC BPA,4,yes,2,Male PFC Ctrl vs BPA and Female PFC Ctrl vs BPA,Male Ctrl=3; Male BPA=3; Female Ctrl=3; Female BPA=3,3,GSE249016_RAW.tar,unclear,clear,candidate,medium,RNA-seq subset is simple and well annotated.,A gene-level count matrix is not explicitly named on the series page.
GSE185899,Expression profiles of macrophages,https://www.ncbi.nlm.nih.gov/geo/query/acc.cgi?acc=GSE185899,Mus musculus,Expression profiling by high throughput sequencing; Genome binding/occupancy profiling by high throughput sequencing,2024-03-31,48,Wild-type BMDM M0/M2; WT colon macrophage; E4BP4 transgenic colon macrophage; E4BP4 knockout RAW264.7; control RAW264.7; M0/M1/M2 RAW264.7,8,yes,4,Multiple clean contrasts exist,most groups=3,3,GSE185899_RAW.tar,unclear,clear,exclude,high,Contains several usable bulk RNA-seq comparisons.,"Public release date March 31, 2024 is outside the last-2-years window relative to April 12, 2026."
GSE224556,Z-DNA underlies the target choice of Aire by facilitating promoter poising [RNA-seq],https://www.ncbi.nlm.nih.gov/geo/query/acc.cgi?acc=GSE224556,Mus musculus,Expression profiling by high throughput sequencing,2024-03-11,30,B6 WT; B6 Aire KO; NOD WT; NOD Aire KO; PBS vs spermidine; DMSO vs topotecan; Nfe2l2 wt vs flox,7,yes,5,Multiple clean pairwise contrasts exist,many groups=2-3,2,GSE224556_RAW.tar,raw_counts_likely,clear,exclude,high,Would otherwise be strong.,"Public release date March 11, 2024 is outside the last-2-years window relative to April 12, 2026."
